<beans xmlns="http://www.springframework.org/schema/beans"
       xmlns:xsi="http://www.w3.org/2001/XMLSchema-instance"
       xmlns:context="http://www.springframework.org/schema/context"
       xmlns:jms="http://www.springframework.org/schema/jms"
       xsi:schemaLocation="http://www.springframework.org/schema/beans
 http://www.springframework.org/schema/beans/spring-beans-2.5.xsd
 http://www.springframework.org/schema/context
 http://www.springframework.org/schema/context/spring-context.xsd">

 <!--component-scan is added to support annotation based bean configuration-->
 <context:component-scan base-package="com.cs.jms"/>

 <!--JndiTemplate will define JMS connection details-->
 <bean id="jndiTemplate" class="org.springframework.jndi.JndiTemplate">
  <property name="environment">
   <props>
    <prop key="java.naming.factory.initial">com.tibco.tibjms.naming.TibjmsInitialContextFactory</prop>
    <prop key="java.naming.provider.url">tcp://localhost:7222</prop>
    <prop key="java.naming.security.principal">admin</prop>
    <!--<prop key="java.naming.security.credentials"></prop>-->
   </props>
  </property>
 </bean>

 <!--JndiObjectFactoryBean will define JMS queue factory which will be use for sending msg on queue-->
 <bean id="internalJmsQueueConnectionFactory" class="org.springframework.jndi.JndiObjectFactoryBean">
  <property name="jndiTemplate">
   <ref bean="jndiTemplate"/>
  </property>
  <property name="jndiName">
   <value>QeueConnectionFactory</value>
  </property>
 </bean>

 <!--JndiObjectFactoryBean will define JMS topic factory which will be use for publishing msg on topic-->
 <bean id="internalJmsTopicConnectionFactory" class="org.springframework.jndi.JndiObjectFactoryBean">
  <property name="jndiTemplate">
   <ref bean="jndiTemplate"/>
  </property>
  <property name="jndiName">
   <value>TopicConnectionFactory</value>
  </property>
 </bean>

 <!--We will also define queue name. $queues.<<name>> will be used to resolve ambiguity between queues and topics-->
 <bean id="queue1" class="org.springframework.jndi.JndiObjectFactoryBean">
  <property name="jndiTemplate">
   <ref bean="jndiTemplate"/>
  </property>
  <property name="jndiName">
   <value>$queues.test.abc</value>
  </property>
 </bean>
 <bean id="queue2" class="org.springframework.jndi.JndiObjectFactoryBean">
  <property name="jndiTemplate">
   <ref bean="jndiTemplate"/>
  </property>
  <property name="jndiName">
   <value>$queues.sample.queue</value>
  </property>
 </bean>

 <!--We will also define topic name.-->
 <bean id="topic1" class="org.springframework.jndi.JndiObjectFactoryBean">
  <property name="jndiTemplate">
   <ref bean="jndiTemplate"/>
  </property>
  <property name="jndiName">
   <value>sample.topic</value>
  </property>
 </bean>

 <!--JmsTemplate object will use factory & queue define above to send message-->
 <bean id="jmsTemplateQueueTest1" class="org.springframework.jms.core.JmsTemplate">
  <property name="connectionFactory">
   <ref bean="internalJmsQueueConnectionFactory"/>
  </property>
  <property name="defaultDestination">
   <ref bean="queue1"/>
  </property>
  <property name="receiveTimeout">
   <value>30000</value>
  </property>
 </bean>
 <bean id="jmsTemplateQueueTest2" class="org.springframework.jms.core.JmsTemplate">
  <property name="connectionFactory">
   <ref bean="internalJmsQueueConnectionFactory"/>
  </property>
  <property name="defaultDestination">
   <ref bean="queue2"/>
  </property>
  <property name="receiveTimeout">
   <value>30000</value>
  </property>
 </bean>

 <!--JmsTemplate object will use factory & topic define above to publish message-->
 <bean id="jmsTemplateTopicTest1" class="org.springframework.jms.core.JmsTemplate">
  <property name="connectionFactory">
   <ref bean="internalJmsTopicConnectionFactory"/>
  </property>
  <property name="defaultDestination">
   <ref bean="topic1"/>
  </property>
  <property name="receiveTimeout">
   <value>30000</value>
  </property>
 </bean>

 <!--This is bean for com.main.services.QueueMsgSender class. We will inject JmsTemplate-Queue created above. -->
 <bean id="qeueMsgSender" class="com.cs.jms.QueueMsgSender">
  <property name="jmsTemplate" ref="jmsTemplateQueueTest1"/>
 </bean>

 <!--This is bean for com.main.services.TopicMsgSender class. We will inject JmsTemplate-Topic created above. -->
 <bean id="topicMsgSender" class="com.cs.jms.TopicMsgSender">
  <property name="jmsTemplate" ref="jmsTemplateQueueTest2"/>
 </bean>

 <!--This is bean for creating Jms queue listener-->
 <bean id="jmsQueueReciever1" class="org.springframework.jms.listener.DefaultMessageListenerContainer">
  <property name="destination" ref="queue1"/>
  <property name="connectionFactory" ref="internalJmsQueueConnectionFactory"/>
  <property name="concurrentConsumers" value="1"/>
  <property name="maxConcurrentConsumers" value="1"/>
  <property name="messageListener" ref="msgListner"/>
 </bean>

 <!--This is bean for creating Jms topic listener-->
 <bean id="jmsTopicReciever" class="org.springframework.jms.listener.DefaultMessageListenerContainer">
  <property name="destination" ref="topic1"/>
  <property name="connectionFactory" ref="internalJmsTopicConnectionFactory"/>
  <property name="concurrentConsumers" value="1"/>
  <property name="maxConcurrentConsumers" value="1"/>
  <property name="messageListener" ref="msgListner"/>
 </bean>
</beans>